-- MySQL dump 10.13  Distrib 8.0.28, for Linux (x86_64)
--
-- Host: 127.0.0.1    Database: changliulab
-- ------------------------------------------------------
-- Server version	8.0.28

/*!40101 SET @OLD_CHARACTER_SET_CLIENT=@@CHARACTER_SET_CLIENT */;
/*!40101 SET @OLD_CHARACTER_SET_RESULTS=@@CHARACTER_SET_RESULTS */;
/*!40101 SET @OLD_COLLATION_CONNECTION=@@COLLATION_CONNECTION */;
/*!50503 SET NAMES utf8mb4 */;
/*!40103 SET @OLD_TIME_ZONE=@@TIME_ZONE */;
/*!40103 SET TIME_ZONE='+00:00' */;
/*!40014 SET @OLD_UNIQUE_CHECKS=@@UNIQUE_CHECKS, UNIQUE_CHECKS=0 */;
/*!40014 SET @OLD_FOREIGN_KEY_CHECKS=@@FOREIGN_KEY_CHECKS, FOREIGN_KEY_CHECKS=0 */;
/*!40101 SET @OLD_SQL_MODE=@@SQL_MODE, SQL_MODE='NO_AUTO_VALUE_ON_ZERO' */;
/*!40111 SET @OLD_SQL_NOTES=@@SQL_NOTES, SQL_NOTES=0 */;

--
-- Table structure for table `crm_banner`
--

DROP TABLE IF EXISTS `crm_banner`;
/*!40101 SET @saved_cs_client     = @@character_set_client */;
/*!50503 SET character_set_client = utf8mb4 */;
CREATE TABLE `crm_banner` (
  `id` char(19) NOT NULL DEFAULT '' COMMENT 'ID',
  `title` varchar(20) DEFAULT '' COMMENT '标题',
  `image_url` varchar(500) NOT NULL DEFAULT '' COMMENT '图片地址',
  `link_url` varchar(500) DEFAULT '' COMMENT '链接地址',
  `sort` int unsigned NOT NULL DEFAULT '0' COMMENT '排序',
  `is_deleted` tinyint unsigned NOT NULL DEFAULT '0' COMMENT '逻辑删除 1（true）已删除， 0（false）未删除',
  `gmt_create` datetime NOT NULL COMMENT '创建时间',
  `gmt_modified` datetime NOT NULL COMMENT '更新时间',
  `active` tinyint DEFAULT '0' COMMENT '有效状态，0失效，1有效',
  PRIMARY KEY (`id`),
  UNIQUE KEY `uk_name` (`title`)
) ENGINE=InnoDB DEFAULT CHARSET=utf8mb4 COLLATE=utf8mb4_0900_ai_ci COMMENT='首页banner表';
/*!40101 SET character_set_client = @saved_cs_client */;

--
-- Dumping data for table `crm_banner`
--

LOCK TABLES `crm_banner` WRITE;
/*!40000 ALTER TABLE `crm_banner` DISABLE KEYS */;
INSERT INTO `crm_banner` VALUES ('1194556896025845762','test1','http://cellwall.cemps.ac.cn/UPFILE_PATH/upfiles/2018011910365729984.jpg','/course',1,0,'2019-11-13 18:05:32','2019-11-18 10:28:22',1),('1194607458461216769','test2','http://cellwall.cemps.ac.cn/UPFILE_PATH/upfiles/2018012315202578375.jpg','/teacher',2,0,'2019-11-13 21:26:27','2019-11-14 09:12:15',1);
/*!40000 ALTER TABLE `crm_banner` ENABLE KEYS */;
UNLOCK TABLES;

--
-- Table structure for table `edu_chapter`
--

DROP TABLE IF EXISTS `edu_chapter`;
/*!40101 SET @saved_cs_client     = @@character_set_client */;
/*!50503 SET character_set_client = utf8mb4 */;
CREATE TABLE `edu_chapter` (
  `id` char(19) NOT NULL COMMENT '章节ID',
  `course_id` char(19) NOT NULL COMMENT '课程ID',
  `title` varchar(50) NOT NULL COMMENT '章节名称',
  `sort` int unsigned NOT NULL DEFAULT '0' COMMENT '显示排序',
  `gmt_create` datetime NOT NULL COMMENT '创建时间',
  `gmt_modified` datetime NOT NULL COMMENT '更新时间',
  PRIMARY KEY (`id`),
  KEY `idx_course_id` (`course_id`)
) ENGINE=InnoDB DEFAULT CHARSET=utf8mb4 COLLATE=utf8mb4_0900_ai_ci ROW_FORMAT=COMPACT COMMENT='课程';
/*!40101 SET character_set_client = @saved_cs_client */;

--
-- Dumping data for table `edu_chapter`
--

LOCK TABLES `edu_chapter` WRITE;
/*!40000 ALTER TABLE `edu_chapter` DISABLE KEYS */;
INSERT INTO `edu_chapter` VALUES ('1','14','第一章：HTML',0,'2019-01-01 12:27:40','2019-01-01 12:55:30'),('1192252428399751169','1192252213659774977','第一章节',0,'2019-11-07 09:28:25','2019-11-07 09:28:25'),('1525681593997549570','1525681568466821122','111',1,'2022-05-15 11:36:52','2022-05-15 11:36:52'),('3','14','第二章：CSS',0,'2019-01-01 12:55:35','2019-01-01 12:27:40');
/*!40000 ALTER TABLE `edu_chapter` ENABLE KEYS */;
UNLOCK TABLES;

--
-- Table structure for table `edu_comment`
--

DROP TABLE IF EXISTS `edu_comment`;
/*!40101 SET @saved_cs_client     = @@character_set_client */;
/*!50503 SET character_set_client = utf8mb4 */;
CREATE TABLE `edu_comment` (
  `id` char(19) NOT NULL COMMENT '讲师ID',
  `course_id` varchar(19) NOT NULL DEFAULT '' COMMENT '课程id',
  `teacher_id` char(19) NOT NULL DEFAULT '' COMMENT '讲师id',
  `member_id` varchar(19) NOT NULL DEFAULT '' COMMENT '会员id',
  `nickname` varchar(50) DEFAULT NULL COMMENT '会员昵称',
  `avatar` varchar(255) DEFAULT NULL COMMENT '会员头像',
  `content` varchar(500) DEFAULT NULL COMMENT '评论内容',
  `is_deleted` tinyint unsigned NOT NULL DEFAULT '0' COMMENT '逻辑删除 1（true）已删除， 0（false）未删除',
  `gmt_create` datetime NOT NULL COMMENT '创建时间',
  `gmt_modified` datetime NOT NULL COMMENT '更新时间',
  PRIMARY KEY (`id`),
  KEY `idx_course_id` (`course_id`),
  KEY `idx_teacher_id` (`teacher_id`),
  KEY `idx_member_id` (`member_id`)
) ENGINE=InnoDB DEFAULT CHARSET=utf8mb4 COLLATE=utf8mb4_0900_ai_ci COMMENT='评论';
/*!40101 SET character_set_client = @saved_cs_client */;

--
-- Dumping data for table `edu_comment`
--

LOCK TABLES `edu_comment` WRITE;
/*!40000 ALTER TABLE `edu_comment` DISABLE KEYS */;
INSERT INTO `edu_comment` VALUES ('1194499162790211585','1192252213659774977','1189389726308478977','1','小三123','http://thirdwx.qlogo.cn/mmopen/vi_32/DYAIOgq83eoj0hHXhgJNOTSOFsS4uZs8x1ConecaVOB8eIl115xmJZcT4oCicvia7wMEufibKtTLqiaJeanU2Lpg3w/132','课程很好',0,'2019-11-13 14:16:08','2019-11-13 14:16:08'),('1194898406466420738','1192252213659774977','1189389726308478977','1','小三123','http://thirdwx.qlogo.cn/mmopen/vi_32/DYAIOgq83eoj0hHXhgJNOTSOFsS4uZs8x1ConecaVOB8eIl115xmJZcT4oCicvia7wMEufibKtTLqiaJeanU2Lpg3w/132','11',0,'2019-11-14 16:42:35','2019-11-14 16:42:35'),('1194898484388200450','1192252213659774977','1189389726308478977','1','小三123','http://thirdwx.qlogo.cn/mmopen/vi_32/DYAIOgq83eoj0hHXhgJNOTSOFsS4uZs8x1ConecaVOB8eIl115xmJZcT4oCicvia7wMEufibKtTLqiaJeanU2Lpg3w/132','111',0,'2019-11-14 16:42:53','2019-11-14 16:42:53'),('1195251020861317122','1192252213659774977','1189389726308478977','1',NULL,NULL,'2233',0,'2019-11-15 16:03:45','2019-11-15 16:03:45'),('1195251382720700418','1192252213659774977','1189389726308478977','1',NULL,NULL,'4455',0,'2019-11-15 16:05:11','2019-11-15 16:05:11'),('1195252819177570306','1192252213659774977','1189389726308478977','1','小三1231','http://thirdwx.qlogo.cn/mmopen/vi_32/DYAIOgq83eoj0hHXhgJNOTSOFsS4uZs8x1ConecaVOB8eIl115xmJZcT4oCicvia7wMEufibKtTLqiaJeanU2Lpg3w/132','55',0,'2019-11-15 16:10:53','2019-11-15 16:10:53'),('1195252899448160258','1192252213659774977','1189389726308478977','1','小三1231','http://thirdwx.qlogo.cn/mmopen/vi_32/DYAIOgq83eoj0hHXhgJNOTSOFsS4uZs8x1ConecaVOB8eIl115xmJZcT4oCicvia7wMEufibKtTLqiaJeanU2Lpg3w/132','55',0,'2019-11-15 16:11:13','2019-11-15 16:11:13'),('1195252920587452417','1192252213659774977','1189389726308478977','1','小三1231','http://thirdwx.qlogo.cn/mmopen/vi_32/DYAIOgq83eoj0hHXhgJNOTSOFsS4uZs8x1ConecaVOB8eIl115xmJZcT4oCicvia7wMEufibKtTLqiaJeanU2Lpg3w/132','223344',0,'2019-11-15 16:11:18','2019-11-15 16:11:18'),('1195262128095559681','14','1189389726308478977','1','小三1231','http://thirdwx.qlogo.cn/mmopen/vi_32/DYAIOgq83eoj0hHXhgJNOTSOFsS4uZs8x1ConecaVOB8eIl115xmJZcT4oCicvia7wMEufibKtTLqiaJeanU2Lpg3w/132','11',0,'2019-11-15 16:47:53','2019-11-15 16:47:53'),('1196264505170767874','1192252213659774977','1189389726308478977','1','小三1231','http://thirdwx.qlogo.cn/mmopen/vi_32/DYAIOgq83eoj0hHXhgJNOTSOFsS4uZs8x1ConecaVOB8eIl115xmJZcT4oCicvia7wMEufibKtTLqiaJeanU2Lpg3w/132','666666',0,'2019-11-18 11:10:58','2019-11-18 11:10:58');
/*!40000 ALTER TABLE `edu_comment` ENABLE KEYS */;
UNLOCK TABLES;

--
-- Table structure for table `edu_course`
--

DROP TABLE IF EXISTS `edu_course`;
/*!40101 SET @saved_cs_client     = @@character_set_client */;
/*!50503 SET character_set_client = utf8mb4 */;
CREATE TABLE `edu_course` (
  `id` char(19) NOT NULL COMMENT '课程ID',
  `teacher_id` char(19) NOT NULL COMMENT '课程讲师ID',
  `subject_id` char(19) NOT NULL COMMENT '课程专业ID',
  `subject_parent_id` char(19) NOT NULL COMMENT '课程专业父级ID',
  `title` varchar(50) NOT NULL COMMENT '课程标题',
  `price` decimal(10,2) unsigned NOT NULL DEFAULT '0.00' COMMENT '课程销售价格，设置为0则可免费观看',
  `lesson_num` int unsigned NOT NULL DEFAULT '0' COMMENT '总课时',
  `cover` varchar(255) CHARACTER SET utf8 COLLATE utf8_general_ci NOT NULL COMMENT '课程封面图片路径',
  `buy_count` bigint unsigned NOT NULL DEFAULT '0' COMMENT '销售数量',
  `view_count` bigint unsigned NOT NULL DEFAULT '0' COMMENT '浏览数量',
  `version` bigint unsigned NOT NULL DEFAULT '1' COMMENT '乐观锁',
  `status` varchar(10) NOT NULL DEFAULT 'Draft' COMMENT '课程状态 Draft未发布  Normal已发布',
  `is_deleted` tinyint DEFAULT '0' COMMENT '逻辑删除 1（true）已删除， 0（false）未删除',
  `gmt_create` datetime NOT NULL COMMENT '创建时间',
  `gmt_modified` datetime NOT NULL COMMENT '更新时间',
  `available` tinyint DEFAULT '0' COMMENT '课程类别，0 免费公开，1免费注册',
  PRIMARY KEY (`id`),
  KEY `idx_title` (`title`),
  KEY `idx_subject_id` (`subject_id`),
  KEY `idx_teacher_id` (`teacher_id`)
) ENGINE=InnoDB DEFAULT CHARSET=utf8mb4 COLLATE=utf8mb4_0900_ai_ci ROW_FORMAT=COMPACT COMMENT='课程';
/*!40101 SET character_set_client = @saved_cs_client */;

--
-- Dumping data for table `edu_course`
--

LOCK TABLES `edu_course` WRITE;
/*!40000 ALTER TABLE `edu_course` DISABLE KEYS */;
INSERT INTO `edu_course` VALUES ('1192252213659774977','100','1011','101','实验室制度',0.01,2,'http://p0.itc.cn/images01/20201013/70e293099e2e4f5db099101f5fbe18d0.jpeg',4,387,1,'Normal',0,'2019-11-07 09:27:33','2019-11-18 13:35:03',0),('14','101','1011','101','实验室安全',0.00,3,'http://p0.itc.cn/images01/20201013/70e293099e2e4f5db099101f5fbe18d0.jpeg',3,44,15,'Normal',0,'2018-04-02 18:33:34','2019-11-16 21:21:45',0),('15','100','1021','102','统计学基础',0.00,23,'https://pic1.zhimg.com/80/v2-8910f350aa732f837a939c9d44c388dc_720w.jpg',0,51,17,'Normal',0,'2018-04-02 18:34:32','2022-05-15 13:47:46',0),('1525681568466821122','101','1022','102','R语言基础',0.00,1,'https://pic2.zhimg.com/v2-180f0aa9f777a3bec1320a1f5d09aafd_1440w.jpg?source=172ae18b',0,2,1,'Normal',0,'2022-05-15 11:36:46','2022-05-15 13:48:20',1);
/*!40000 ALTER TABLE `edu_course` ENABLE KEYS */;
UNLOCK TABLES;

--
-- Table structure for table `edu_course_collect`
--

DROP TABLE IF EXISTS `edu_course_collect`;
/*!40101 SET @saved_cs_client     = @@character_set_client */;
/*!50503 SET character_set_client = utf8mb4 */;
CREATE TABLE `edu_course_collect` (
  `id` char(19) NOT NULL COMMENT '收藏ID',
  `course_id` char(19) NOT NULL COMMENT '课程讲师ID',
  `member_id` char(19) NOT NULL DEFAULT '' COMMENT '课程专业ID',
  `is_deleted` tinyint NOT NULL DEFAULT '0' COMMENT '逻辑删除 1（true）已删除， 0（false）未删除',
  `gmt_create` datetime NOT NULL COMMENT '创建时间',
  `gmt_modified` datetime NOT NULL COMMENT '更新时间',
  PRIMARY KEY (`id`)
) ENGINE=InnoDB DEFAULT CHARSET=utf8mb4 COLLATE=utf8mb4_0900_ai_ci ROW_FORMAT=COMPACT COMMENT='课程收藏';
/*!40101 SET character_set_client = @saved_cs_client */;

--
-- Dumping data for table `edu_course_collect`
--

LOCK TABLES `edu_course_collect` WRITE;
/*!40000 ALTER TABLE `edu_course_collect` DISABLE KEYS */;
INSERT INTO `edu_course_collect` VALUES ('1196269345666019330','1192252213659774977','1',1,'2019-11-18 11:30:12','2019-11-18 11:30:12');
/*!40000 ALTER TABLE `edu_course_collect` ENABLE KEYS */;
UNLOCK TABLES;

--
-- Table structure for table `edu_course_description`
--

DROP TABLE IF EXISTS `edu_course_description`;
/*!40101 SET @saved_cs_client     = @@character_set_client */;
/*!50503 SET character_set_client = utf8mb4 */;
CREATE TABLE `edu_course_description` (
  `id` char(19) NOT NULL COMMENT '课程ID',
  `description` text COMMENT '课程简介',
  `gmt_create` datetime NOT NULL COMMENT '创建时间',
  `gmt_modified` datetime NOT NULL COMMENT '更新时间',
  PRIMARY KEY (`id`)
) ENGINE=InnoDB DEFAULT CHARSET=utf8mb4 COLLATE=utf8mb4_0900_ai_ci COMMENT='课程简介';
/*!40101 SET character_set_client = @saved_cs_client */;

--
-- Dumping data for table `edu_course_description`
--

LOCK TABLES `edu_course_description` WRITE;
/*!40000 ALTER TABLE `edu_course_description` DISABLE KEYS */;
INSERT INTO `edu_course_description` VALUES ('1104870479077879809','<p>11</p>','2019-03-11 06:23:44','2019-03-11 06:23:44'),('1192252213659774977','<p>测试</p>','2019-11-07 09:27:33','2019-11-13 16:21:28'),('14','','2019-03-13 06:04:43','2019-03-13 06:05:33'),('15','','2019-03-13 06:03:33','2019-03-13 06:04:22'),('1525681568466821122','<p>1111111111</p>','2022-05-15 11:36:46','2022-05-15 11:36:46');
/*!40000 ALTER TABLE `edu_course_description` ENABLE KEYS */;
UNLOCK TABLES;

--
-- Table structure for table `edu_subject`
--

DROP TABLE IF EXISTS `edu_subject`;
/*!40101 SET @saved_cs_client     = @@character_set_client */;
/*!50503 SET character_set_client = utf8mb4 */;
CREATE TABLE `edu_subject` (
  `id` char(19) NOT NULL COMMENT '课程类别ID',
  `title` varchar(10) NOT NULL COMMENT '类别名称',
  `parent_id` char(19) NOT NULL DEFAULT '0' COMMENT '父ID',
  `sort` int unsigned NOT NULL DEFAULT '0' COMMENT '排序字段',
  `gmt_create` datetime NOT NULL COMMENT '创建时间',
  `gmt_modified` datetime NOT NULL COMMENT '更新时间',
  PRIMARY KEY (`id`),
  KEY `idx_parent_id` (`parent_id`)
) ENGINE=InnoDB DEFAULT CHARSET=utf8mb4 COLLATE=utf8mb4_0900_ai_ci ROW_FORMAT=COMPACT COMMENT='课程科目';
/*!40101 SET character_set_client = @saved_cs_client */;

--
-- Dumping data for table `edu_subject`
--

LOCK TABLES `edu_subject` WRITE;
/*!40000 ALTER TABLE `edu_subject` DISABLE KEYS */;
INSERT INTO `edu_subject` VALUES ('101','实验','0',101,'2022-05-20 21:34:27','2022-05-20 21:34:29'),('1011','注意事项','101',201,'2022-05-20 21:35:47','2022-05-20 21:35:48'),('102','统计学','0',102,'2022-05-20 21:36:35','2022-05-20 21:36:36'),('1021','回归分析','102',202,'2022-05-20 21:37:34','2022-05-20 21:37:35'),('1022','R','102',203,'2022-05-20 21:39:02','2022-05-20 21:39:03');
/*!40000 ALTER TABLE `edu_subject` ENABLE KEYS */;
UNLOCK TABLES;

--
-- Table structure for table `edu_teacher`
--

DROP TABLE IF EXISTS `edu_teacher`;
/*!40101 SET @saved_cs_client     = @@character_set_client */;
/*!50503 SET character_set_client = utf8mb4 */;
CREATE TABLE `edu_teacher` (
  `id` char(19) NOT NULL COMMENT '讲师ID',
  `name` varchar(20) NOT NULL COMMENT '讲师姓名',
  `intro` varchar(500) NOT NULL DEFAULT '' COMMENT '讲师简介',
  `career` varchar(500) DEFAULT NULL COMMENT '讲师资历,一句话说明讲师',
  `level` int unsigned NOT NULL COMMENT '头衔 1高级讲师 2首席讲师',
  `avatar` varchar(255) DEFAULT NULL COMMENT '讲师头像',
  `sort` int unsigned NOT NULL DEFAULT '0' COMMENT '排序',
  `is_deleted` tinyint unsigned NOT NULL DEFAULT '0' COMMENT '逻辑删除 1（true）已删除， 0（false）未删除',
  `gmt_create` datetime NOT NULL COMMENT '创建时间',
  `gmt_modified` datetime NOT NULL COMMENT '更新时间',
  PRIMARY KEY (`id`),
  UNIQUE KEY `uk_name` (`name`)
) ENGINE=InnoDB DEFAULT CHARSET=utf8mb4 COLLATE=utf8mb4_0900_ai_ci COMMENT='讲师';
/*!40101 SET character_set_client = @saved_cs_client */;

--
-- Dumping data for table `edu_teacher`
--

LOCK TABLES `edu_teacher` WRITE;
/*!40000 ALTER TABLE `edu_teacher` DISABLE KEYS */;
INSERT INTO `edu_teacher` VALUES ('100','hasi','Professor Muscle','Professor',1,'https://changliulab.oss-cn-beijing.aliyuncs.com/WechatIMG34.jpeg',100,0,'2022-05-20 21:21:19','2022-05-20 21:21:22'),('101','chang liu','Lord of the Ring','Professor',1,'https://changliulab.oss-cn-beijing.aliyuncs.com/f0cfe400c95141d9bf0b54ba96fea03c.jpg',101,0,'2022-05-20 21:25:35','2022-05-20 21:25:37');
/*!40000 ALTER TABLE `edu_teacher` ENABLE KEYS */;
UNLOCK TABLES;

--
-- Table structure for table `edu_video`
--

DROP TABLE IF EXISTS `edu_video`;
/*!40101 SET @saved_cs_client     = @@character_set_client */;
/*!50503 SET character_set_client = utf8mb4 */;
CREATE TABLE `edu_video` (
  `id` char(19) NOT NULL COMMENT '视频ID',
  `course_id` char(19) NOT NULL COMMENT '课程ID',
  `chapter_id` char(19) NOT NULL COMMENT '章节ID',
  `title` varchar(50) NOT NULL COMMENT '节点名称',
  `video_source_id` varchar(100) DEFAULT NULL COMMENT '云端视频资源',
  `video_original_name` varchar(100) DEFAULT NULL COMMENT '原始文件名称',
  `sort` int unsigned NOT NULL DEFAULT '0' COMMENT '排序字段',
  `play_count` bigint unsigned NOT NULL DEFAULT '0' COMMENT '播放次数',
  `is_free` tinyint unsigned NOT NULL DEFAULT '0' COMMENT '是否可以试听：0收费 1免费',
  `duration` float NOT NULL DEFAULT '0' COMMENT '视频时长（秒）',
  `status` varchar(20) NOT NULL DEFAULT 'Empty' COMMENT 'Empty未上传 Transcoding转码中  Normal正常',
  `size` bigint unsigned NOT NULL DEFAULT '0' COMMENT '视频源文件大小（字节）',
  `version` bigint unsigned NOT NULL DEFAULT '1' COMMENT '乐观锁',
  `gmt_create` datetime NOT NULL COMMENT '创建时间',
  `gmt_modified` datetime NOT NULL COMMENT '更新时间',
  PRIMARY KEY (`id`),
  KEY `idx_course_id` (`course_id`),
  KEY `idx_chapter_id` (`chapter_id`)
) ENGINE=InnoDB DEFAULT CHARSET=utf8mb4 COLLATE=utf8mb4_0900_ai_ci ROW_FORMAT=COMPACT COMMENT='课程视频';
/*!40101 SET character_set_client = @saved_cs_client */;

--
-- Dumping data for table `edu_video`
--

LOCK TABLES `edu_video` WRITE;
/*!40000 ALTER TABLE `edu_video` DISABLE KEYS */;
INSERT INTO `edu_video` VALUES ('1185312444399071234','14','1','12','','',0,0,0,0,'Empty',0,1,'2019-10-19 05:51:23','2019-10-19 05:51:33'),('1192252824606289921','1192252213659774977','1192252428399751169','第一课时','756cf06db9cb4f30be85a9758b19c645','eae2b847ef8503b81f5d5593d769dde2.mp4',0,0,0,0,'Empty',0,1,'2019-11-07 09:29:59','2019-11-07 09:29:59'),('1192628092797730818','1192252213659774977','1192252428399751169','第二课时','2a02d726622f4c7089d44cb993c531e1','eae2b847ef8503b81f5d5593d769dde2.mp4',0,0,1,0,'Empty',0,1,'2019-11-08 10:21:10','2019-11-08 10:21:22'),('1192632495013380097','1192252213659774977','1192252428399751169','第三课时','4e560c892fdf4fa2b42e0671aa42fa9d','eae2b847ef8503b81f5d5593d769dde2.mp4',0,0,1,0,'Empty',0,1,'2019-11-08 10:38:40','2019-11-08 10:38:40'),('1194117638832111617','1192252213659774977','1192252428399751169','第四课时','4e560c892fdf4fa2b42e0671aa42fa9d','eae2b847ef8503b81f5d5593d769dde2.mp4',0,0,0,0,'Empty',0,1,'2019-11-12 13:00:05','2019-11-12 13:00:05'),('1196263770832023554','1192252213659774977','1192252428399751169','第五课时','27d21158b0834cb5a8d50710937de330','eae2b847ef8503b81f5d5593d769dde2.mp4',5,0,0,0,'Empty',0,1,'2019-11-18 11:08:03','2019-11-18 11:08:03'),('1525681625874259970','1525681568466821122','1525681593997549570','1.1111',NULL,NULL,1,0,1,0,'Empty',0,1,'2022-05-15 11:37:00','2022-05-15 11:37:00');
/*!40000 ALTER TABLE `edu_video` ENABLE KEYS */;
UNLOCK TABLES;
/*!40103 SET TIME_ZONE=@OLD_TIME_ZONE */;

/*!40101 SET SQL_MODE=@OLD_SQL_MODE */;
/*!40014 SET FOREIGN_KEY_CHECKS=@OLD_FOREIGN_KEY_CHECKS */;
/*!40014 SET UNIQUE_CHECKS=@OLD_UNIQUE_CHECKS */;
/*!40101 SET CHARACTER_SET_CLIENT=@OLD_CHARACTER_SET_CLIENT */;
/*!40101 SET CHARACTER_SET_RESULTS=@OLD_CHARACTER_SET_RESULTS */;
/*!40101 SET COLLATION_CONNECTION=@OLD_COLLATION_CONNECTION */;
/*!40111 SET SQL_NOTES=@OLD_SQL_NOTES */;

-- Dump completed on 2022-05-20 23:57:49
